{
    "rydist1_ampa_L2_basket": 0.0011,
    "rydist1_ampa_L2_pyramidal": 0.0027,
    "rydist1_ampa_L5_pyramidal": 0.0028,
    "rydist1_mu": 734.0,
    "rydist1_sigma": 57.6,
    "evdist2_ampa_L2_basket": 0.6121579707704913,
    "evdist2_ampa_L2_pyramidal": 0.6245584647492026,
    "evdist2_ampa_L5_pyramidal": 0.973528322653582,
    "evdist2_nmda_L2_basket": 0.57986418705435,
    "evdist2_nmda_L2_pyramidal": 0.5721657338349071,
    "evdist2_nmda_L5_pyramidal": 0.17769272341378614,
    "evdist2_mu": 905.7168241599677,
    "evdist2_sigma": 31.742683478914483,
    "evprox1_ampa_L2_basket": 0.33628891212190765,
    "evprox1_ampa_L2_pyramidal": 0.1966689920786076,
    "evprox1_ampa_L5_basket": 0.24782769133545213,
    "evprox1_ampa_L5_pyramidal": 0.6316976139923263,
    "evprox1_nmda_L2_basket": 0.12023257681765015,
    "evprox1_nmda_L2_pyramidal": 0.5582628412600553,
    "evprox1_nmda_L5_basket": 0.9959616253769533,
    "evprox1_nmda_L5_pyramidal": 0.05209955437498684,
    "evprox1_mu": 1012.7509215159755,
    "evprox1_sigma": 10.739724779230636,
    "evprox2_ampa_L2_basket": 0.591433837247093,
    "evprox2_ampa_L2_pyramidal": 0.9942546878466223,
    "evprox2_ampa_L5_basket": 0.4007998910760684,
    "evprox2_ampa_L5_pyramidal": 0.5398851955894122,
    "evprox2_nmda_L2_basket": 0.5338065201740019,
    "evprox2_nmda_L2_pyramidal": 0.4644052375118783,
    "evprox2_nmda_L5_basket": 0.2549384967471931,
    "evprox2_nmda_L5_pyramidal": 0.028699804996039684,
    "evprox2_mu": 1176.947317406388,
    "evprox2_sigma": 12.406228246303524
}